name,price,status,shipping,free_returns,items_sold
,,,,False,
Nike FLEX CONTROL TR4 Mens Black White CD0197 002 Athletic Sneakers Shoes,495,Brand New,0,False,25
Nike Air Max SC Men's Shoes Sneakers Running Cross Training Gym Workout ,59,Brand New,95,True,0
Nike FLEX CONTROL TR4 Mens Grey White CD0197 001 Athletic Sneakers Shoes,495,Brand New,0,False,7
2021 Nike Air Jordan 4 Retro IV Lightning Tour Yellow CT8527-700 Men's & Kids,13990,Brand New,0,True,0
Nike Air Force One 1 Low Top White Men/Women/GS/PS/Toddler/Crib Sz 1c-15 ,5999,Brand New,156,True,53
Nike Air Force 1 '07 Low Men‚Äôs Triple White  ALL SIZES  6 to 15  New  CW2288-111,495,Brand New,0,False,0
Nike Air Jordan 1 Mid Linen College Grey Light Bone White 554724-082 Mens Sizes,17499,Brand New,0,False,0
Nike Mens Air Max 90 Ultra Mid Sneakers  Size 10,996,Pre-Owned,0,True,
Nike Fly.By Mid Mens Sneaker Basketball CD0189 600 Red Black SIZE 10.5,759,Brand New,0,True,
Nike Air Max 90 Shoes Smoke Gray White Silver DM9102-001 Men's Multi Size NEW,5990,Brand New,0,False,0
Nike air max 1 SE sz 13,500,Pre-Owned,425,False,0
Nike FLY BY MID 2 NBK Mens Black Grey CU3501 004 Basketball Sneakers Shoes,495,Brand New,0,False,0
Nike Air Force One 1 Low Top White Men/Women/GS/PS/Toddler/Crib Sz 1c-15 ,5999,Brand New,156,False,0
Nike Air Force 1 '07 Low Men‚Äôs Triple White  ALL SIZES  6 to 15  New  CW2288-111,495,Brand New,0,False,0
Nike Air Jordan 1 Mid Linen College Grey Light Bone White 554724-082 Mens Sizes,17499,Brand New,0,False,0
Nike Air Max 90 Shoes Smoke Gray White Silver DM9102-001 Men's Multi Size NEW,5990,Brand New,0,False,0
Nike Air Jordan 1 Mid SE Shoes Chile Red White Pollen DC7294-600 Men's Size NEW,5990,Brand New,0,False,0
Nike Air Max 90 Shoes Anthracite Black Gray DC9388-003 Men's Multi Size NEW,5490,Brand New,0,False,0
Nike Air Force 1 '07 Shoes White Deep Royal Blue DA8478-100 Men's Multi Size NEW,12490,Brand New,0,False,0
2021 Nike Air Jordan 4 Retro IV Lightning Tour Yellow CT8527-700 Men's & Kids,13990,Brand New,0,False,0
Nike Air Jordan 1 Mid SE Shoes Chile Red White Pollen DC7294-600 Men's Size NEW,5990,Brand New,0,False,0
Nike Court Vision Low Top Men's Shoes Sneakers Trainers,950,Brand New,95,True,0
NIKE Mens Air Precision Basketball Shoe 898455 102 White / Grey / Black  ,999,Brand New,0,False,89
Nike Air Jordan 1 Retro Mid Game Royal Blue White Black 554724/554725-140 Men GS,13800,Brand New,0,False,0
Nike Mens Zoom Gravity BQ3202-004 Black Gray Running Shoes Sneakers Size 12,99,Pre-Owned,0,True,
2016 Nike Air Jordan 3 III Retro True Blue Cement Mens 8.5 854262-106 Sneakers,100,Pre-Owned,999,False,
Nike CORTEZ BASIC LEATHER Mens Black White 819719-012 Low Sneakers Shoes,495,Brand New,0,False,
Nike Air Force 1 '07 Shoes White Deep Royal Blue DA8478-100 Men's Multi Size NEW,12490,Brand New,0,False,0
Nike Air Max 90 Shoes Anthracite Black Gray DC9388-003 Men's Multi Size NEW,5490,Brand New,0,False,0
Nike Air Jordan 1 Mid Ice Blue Size 8 Mens,500,Pre-Owned,0,False,
Nike Air Jordan Royalty 12 Retro Mens Shoe Taxi CT8013-170 GUARANTEED PREORDER,23400,Brand New,0,False,0
2014 Nike Air Jordan 3 III Infrared 23 White Mens Size 10.5 136064-123 Sneakers,900,Pre-Owned,999,False,
Nike Flexmethod TR Training Shoes Black White BQ3063-001 Men's NEW,799,Brand New,0,True,0
Nike Flow 2020 ISPA Shoes Black Turquoise Silver DM2832-001 Men's Multi Size NEW,9990,Brand New,0,False,0
Nike Air CW2288-111 Low Men‚Äôs¬† White  Size 12- Pre Owned,0,Pre-Owned,30,False,
Nike Air Force 1 '07 LV8 Shoes White Black Gold DA8481-100 Men's Multi Size NEW,4990,Brand New,0,False,0
Nike Air Max Motion 2 Mens Shoes Sneakers Running Cross Training Gym Workout,579,New (Other),0,True,0
Nike Air Max Excee Mens Shoes Sneakers Running Cross Training Gym Workout ,80,New (Other),0,True,0
Nike Ebernon Mid Basketball Shoes Triple White AQ1773-100 Men's NEW,799,Brand New,0,True,0
Nike Air Max 2017 Triple Black Sneakers,17999,Brand New,0,True,0
Nike Air Force 1 '07 LV8 Shoes Black Gold White DA8481-001 Men's Multi Size NEW,4490,Brand New,0,False,0
Nike Air Jordan 1 Low SE Utility Shoes White Black Red DD9337-106 Multi Size NEW,6141,Brand New,0,False,0
NIB MEN'S NIKE CQ9356 002 NIKE LEGEND ESSENTIAL 2 WHITE/BLACK/GREY RUNNING SHOES,995,Brand New,200,False,
Nike Men's Free RN Flyknit 2018 Black/White Pure Platinum  Running Shoes 10.5,995,Brand New,,False,0
NIKE Air Max Advantage Pure Platinum White Grey Men's Size 10 US Running Shoes,100,Pre-Owned,100,False,
Nike Fly.By Mid 2 NBK Basketball Shoes Black Anthracite CU3501-004 Men's NEW,799,Brand New,0,True,0
Nike Air Force 1 '07 University Blue White UNC DC2911-400 Mens Size 7-13 Sneaker,3790,Brand New,10,False,0
Nike Air Force 1 One Low Light Bone Grey White Black CT2302-001 Men Retro OG All,1999,Brand New,0,False,0
Nike Free RN Flyknit 2018 Running Shoes Black White 942838-001 Men's NEW,99,Brand New,0,True,0
Nike Air Force 1 '07 Low Men's Triple White 6.5 to 14 ALL SIZES  New CW2288-111 ,10995,Brand New,0,False,0
Nike Men's Air Force 1 07' LV8 Sneakers Olive Camo 823511-201 Size US 9,999,Pre-Owned,99,False,
Nike Dunk Low Retro White Black (GS) CW1590-100,8999,Brand New,0,False,0
NIKE MEN'S FREE RN 2018 SHOES ASSORTED SIZES 942836 001,499,Brand New,0,False,
Nike Air Tuned Max Size 10.5,0,Pre-Owned,135,False,
Nike Air Jordan 1 Zoom Air CMFT Shoes Sail Redstone Blue CT0979-104 Multi Size,6990,Brand New,0,False,0
Nike REVOLUTION 5 Mens Black/White/Grey BQ3204-002 Sneakers Shoes,995,Brand New,0,False,0
nike air force 1 ‚ÄúCactus Jack‚Äù,550,Pre-Owned,425,False,
Nike Court Vision Lo Shoes White CD5463-100 Men's NEW,799,Brand New,0,True,0
"Nike Air Force 1 Mid QS Shoes ""NYC"" White Blue DH5622-100 Men's Multi Size NEW",4990,Brand New,0,False,0
Nike Air Griffey Max 2 Sneakers Shoes 'Fresh Water' 442171-001 Men Size 10 2011,3999,Pre-Owned,0,False,
Nike Air Force 1 '07 LV8 Shoes ‚ÄúPsychic Blue‚Äù CZ0337-400 Men's Multi Size NEW,4990,Brand New,0,False,0
Nike FLY BY MID 2 Mens Black Grey Red CU3503 005 Basketball Sneakers Shoes,495,Brand New,0,False,0
Nike AIR MAX SC Men's White Wolf Grey Game CW4555-101 Athletic Running Sneakers,495,Brand New,0,False,
Nike Zoom Freak 3 'Primary Colors' Light Stone Green Strike DA0694-100 Men's NEW,799,Brand New,0,True,0
Nike Men's KD Trey 5 VIII White Basketball Shoes CK2090-100,999,Brand New,435,False,0
"Nike Air Force 1 '07 Shoes ""Light Bone"" White CT2302-001 Men's Multi Size NEW",1990,Brand New,595,False,0
Nike Air Jordan 1 Low Teddy Bear 2021 GS Size 5.5y-7y D02233-264 FAST SHIPPING,999,Brand New,0,False,0
Nike Dunk Low Retro Black White Panda Men Women Gs Ps Td Size,8000,Brand New,0,False,0
Nike KD Trey 5 VIII Basketball Shoes Black Red White CK2090-002 Men's NEW,299,Brand New,0,True,0
Nike REVOLUTION 5 Mens Grey White BQ6714-002 EXTRA WIDE 4E Sneakers Shoes,995,Brand New,0,False,0
Nike Air Force 1 '07 Shoes White Gum Brown DJ2739-100 Men's Multi Size NEW,3890,Brand New,10,False,0
Nike DOWNSHIFTER 11 Mens White Navy Obsidian CW3411-402 Athletic Sneakers Shoes,995,Brand New,0,False,
,,,,False,
Nike Legend Essential Men's Shoes Sneakers Gym Cross Training Gym NIB,551,Brand New,95,True,0
Nike Air Max 90 Shoes Black White Persian Violet DB0625-001 Men's Multi Size NEW,3990,Brand New,0,False,0
Nike Air Jordan 3 Retro Pine Green CT8532 030 Sizes ,9999,Brand New,0,True,0
"Nike Air Force 1 07 Shoes ""First Use"" White University Blue DA8478-100 Men's NEW",13490,Brand New,10,False,0
Nike COURT VISION LOW Mens All Black CD5463-002 Low Top Leather Sneakers Shoes,495,Brand New,0,False,0
NIKE Dunk Low Retro UNLV Varsity Red Basketball Shoes - Size 15 Preowned,1000,Pre-Owned,115,False,
Nike React Infinity Run Flyknit 2 Running Shoes Black White CT2357-002 Men's NEW,799,Brand New,0,True,0
Nike Air Force 1 '07 LV8 EMB Shoes Black Chile Red Gray Fog DC8874-001 Men's NEW,2990,Brand New,0,False,0
Nike Air Zoom Winflo 7 Running Shoes Gray Black White CJ0291-003 Men's NEW,299,Brand New,0,True,
Nike Air Force 1 LV8 Low Triple Red Sneakers CW6999-600 Men's Lifestyle Shoes ,4000,Brand New,0,False,0
Nike Air Zoom BB NXT Shoes White/Crimson/Hyper Violet CK5707-100 Men's Sizes ,10997,Brand New,0,False,0
"Nike Air Max 90 PRM Shoes ""Hemp"" White Sanddrift DA1641-201 Mens Size",13997,Brand New,0,False,
Nike Air Jordan 1 Retro Mid Game Royal Blue White Black 554724/554725-140 Men GS,11497,Brand New,0,False,
Nike AIR MONARCH IV Mens White Navy 102 Walking Shoes Medium & WIDE WIDTH 4E ,995,Brand New,0,False,0
Nike Air Force 1 '07 Low Triple Men's Black CW2288-001 Size 7 - 13,995,Brand New,0,False,0
Nike Air Max 96 II Goldenrod White Black Navy CZ1921-100 Men's Shoes NEW,7490,Brand New,115,False,0
Nike Air Force 1 '07 Shoes Black University Red DC2911-001 Men's Multi Size NEW,13990,Brand New,0,False,0
Nike Air Jordan 4 Retro University Blue UNC 2021 CT8527-400 Men's/GS/PS/TD Sizes,14997,Brand New,0,False,0
Nike Free Train Instinct Training Sneakers Shoes 833274 860 Orange Men Size 14,499,Pre-Owned,0,True,
Nike COURT VISION LOW Mens Black White CD5463-001 Low Top Leather Sneakers Shoes,495,Brand New,0,False,0
Nike Air Jordan 1 Low UNC White Powder Blue Obsidian 553558-144 Men's & GS Sizes,13997,Brand New,0,False,0
"Nike Air Force 1 '07 LX Shoes ""Denim"" White Blue Red DJ5174-100 Men's Multi Size",5000,Brand New,0,False,0
NIKE AIR ZOOM PEGASUS 37 RUNNING SHOES BQ9646-005 BLACK / BLACK / SMOKE GREY  ,0,Brand New,0,True,0
Nike Air Monarch IV Men's Shoes 415445-002 Size 9 thru 12 Black/White/Blue,497,New (Other),0,True,0
Air Jordan 1 Mid University Gold White Black Yellow 554724-170,3800,Brand New,95,False,0
Nike Air Jordan 1 Mid Shoes Black Hyper Royal White 554724-077 Men's Or GS NEW,17299,Brand New,0,True,0
Nike Air Jordan 1 Retro High OG Pollen (GS) Youth shoes 575441-701 size 3.5Y-7Y,5999,Brand New,0,False,0
Nike Air Jordan 9 Retro Low Pantone Blue Size 14 ,2000,Pre-Owned,0,False,
New Nike Court Royale Mens Trainers Sneakers Shoes White 749747 111 (NB),547,New (Other),0,True,13
Nike Air Jordan 1 Mid SE (TD) BQ6933-102 Blue Black EUC Sneakers Toddler Sz 10C,895,Pre-Owned,90,False,
Nike Free RN 2018 Mens Running Shoes Black Anthracite 942836-002,0,Brand New,0,False,0
Nike Zoom KD 12 Men's Shoes Size 10.5 Black Cement Basketball Mid AR4229-002,500,Pre-Owned,795,False,
Nike Air Jordan 4 Retro Lightning Yellow 2021 CT8527-700 Men's/GS/PS/TD Sizes,10000,Brand New,0,False,0
"Nike Air Tailwind 79 ""World Wide"" Shoes Black Crimson Bone CZ5928-001 Men's NEW",0,Brand New,0,False,0
Nike Men's Air Max 90 LTR Lace Up Sneakers FR7 White CZ5594-100 Size 13,999,Pre-Owned,99,False,
Nike Air VaporMax Flyknit 2 Black 2018 (942842-001) Men‚Äôs Size 9,0,Pre-Owned,0,False,
NIKE JORDANS BLUE 312528-102 Size 11,0,Pre-Owned,271,False,
Nike Men's Air Max 95 Running Sneakers Mesh Triple Red Size 11.5 NEW!,5995,Brand New,0,True,0
Nike Air Jordan Retro 1 554724-013 Mid Black Red Metallic Gold Game Royal sz 10,946,Pre-Owned,115,False,
Nike Air Force 1 '07 Shoes Black White DC2911-002 Men's Multi Size NEW,2990,Brand New,0,False,0
Nike Joyride Dual Run Black White Hot Punch CD4365-003 Men's Shoes Size 12 ,500,Pre-Owned,0,False,
Nike React SFB Carbon WIDE Mid Outdoor Shoes Black CK9951-001 Men's NEW,5099,Brand New,0,True,0
Nike Kobe XI 11 Low 3D 836183-084 Size 8 Mens Basketball Shoes Sneakers Mamba,2447,Pre-Owned,395,False,
Nike Kyrie ID  Size 9 Men Black Gold 843253-998,100,Pre-Owned,15,False,
Nike Air Monarch IV 415445-102 Athletic Training Shoes Men's Size 9. 5,499,Pre-Owned,125,False,
Nike Drop-Type Premium Casual Shoes CN6916-001 Men's Shoe Size 6.5 Triple Black,898,Brand New,0,False,0
Nike Air Force 1 High QS ‚ÄúSummit White/Black‚Äù (Sz. 10),500,Pre-Owned,195,False,
Nike Dunk Low Retro Georgetown - Men's Size 13,3200,Brand New,638,False,0
Nike Air Max Plus Shoes White Black Metallic Gold CZ9188-001 Mens Multi Size NEW,5990,Brand New,0,False,0
NEW 2021 Dallas Cowboys Nike NFL Air Zoom Pegasus 38 Shoe Sneaker DJ0822-001,1999,Brand New,0,False,0
Nike Air Darwin Dennis Rodman White-Teal-Black Sneakers Men's Sz 9 AJ9710-100,500,Pre-Owned,495,False,
Nike Mens Zoom Winflo 3 831563-004 Black Running Shoes Sneakers Size 11,0,Pre-Owned,595,False,
Nike Air Force 1 '07 Shoes White Team Orange DC2911-101 Men's Multi Size NEW,2340,Brand New,0,False,0
Nike Dunk Low SE Multi Camo SIZE 8.5 DH0957-100,7500,Brand New,0,False,0
Authentic Nike Air Max 90 Black Sport Red DC9388-002 Iron Smoke Grey Off White,10000,Brand New,0,False,0
Nike Challenger OG Running Shoes University Red Blue CW7645-600 Men's Multi Size,0,Brand New,0,False,0
Nike Air Jordan 14 XIV Candy Cane Size 8,0,Pre-Owned,795,False,
nike air max zero size 12,400,New (Other),355,False,
Nike COURT ROYALE 2 Mens White Black CQ9246-100 Low Top Leather Sneakers Shoes,495,Brand New,0,False,
MENS Sz 13 NIKE FLYKNIT RACER SHOES MULTICOLOR MC 1.0 BLACK TONGUE 526628 004,2000,Pre-Owned,0,False,
"Nike Air Jordan 1 Mid SE Shoes ""Cinnabar"" Hemp White DM4352-600 Men's & GS NEW",13990,Brand New,0,False,0
Nike Air Jordan 8 Retro Chrome Size 8.5 305381-003,1999,Pre-Owned,795,True,
NIKE WOMENS INTERNATIONALIST RUNNING SNEAKERS SIZE 7.5,0,New (Other),425,False,
 Nike Free RN Flyknit 3.0 Running Sneakers Shoes Black AQ5707-001 Mens Size 9.5,119,New (Other),0,True,0
,,,,False,
nike reax 8 black tr training shoes sneakers men's sizes all sizes new,9099,Brand New,23,False,7
Nike Air Jordan 1 Mid Pollen Black White (GS) 554725-177 Men's Size 554724 177,14800,Brand New,0,False,0
Nike Huarache Men's Size 11,499,Pre-Owned,15,False,
Nike Men's Downshifter 11 Cw3411-006 Black/Dark Smoke Grey/White SZ 8-10 New,219,Brand New,0,False,
NIB NIKE CD0230 016 MEN'S NIKE QUEST 3 BLACK/RED/WHITE RUNNING SHOES,995,Brand New,300,False,
Nike Air Force 1 '07 Low Triple White Men's CW2288-111 New White,999,Brand New,99,False,
NIKE LEGEND REACT 2 RUNNING # AT1368 402 MENS US SZ 9.5 MSRP $100,998,Brand New,99,True,
Nike Free RN 2018 Running Shoes Black Anthracite 942836-002 Men's NEW,799,Brand New,0,True,0
Nike Air Jordan 1 Retro Alpha White University Blue 07 Size Left 11 & Right 11.5,999,Pre-Owned,99,False,
Nike Air Jordan 1 Retro Low Smoke grey shoes men sz 12 black 553558 039,4000,Pre-Owned,0,False,
Nike Air Jordan 1 Mid Gym Red Banned Bred 554724 554725 074 GS & Men's Szs,11499,Brand New,0,False,0
Nike Kyrie 6 Blue/White Basketball Shoes (Men's Sizes 9.5-13) | CW4142-402,10000,New (Other),0,True,0
Nike Air Max 90 Shoes Size 10 Mens Gray/White/Orange Red 875943-100,500,Pre-Owned,800,False,
Nike Men's Giannis Immortality EP White Basketball Shoes DH4528-100,999,Brand New,795,False,0
Nike Air Force 1 '07 Shoes Black University Red DC2911-001 Men's Multi Size NEW,4690,Brand New,10,False,0
NIKE MEN'S  CORTEZ BASIC LEATHER WHITE / BLACK  819719 100,8499,Brand New,30,False,20
Nike Zoom Freak 2 Taxi Black Metallic Silver Yellow Grey CK5424-006 Men's 12,500,Brand New,0,True,
Nike Air Force 1 '07 Shoes White Team Orange DC2911-101 Men's Multi Size NEW,2340,Brand New,0,False,0
Nike Kyrie Men's Sz 11.5 Oreo Kyrie Irving Sneaker Shoes BQ4630-100 White Black,763,Brand New,0,True,0
Nike Air Max 95 Men's Size 11 Shoes Sneakers Red Green Christmas! NEW DSüî•,7999,Brand New,299,False,
Air Jordan 1 Mid Racer Blue White Black Retro 554724-140,4995,Brand New,0,False,0
Air Jordan 9 Retro Low 'Snakeskin' 832822 001 Black/White-Gym Red Men's Size 10,1999,Pre-Owned,0,True,
üî•EXCELLENT CONDITION Nike Air Safari SE Yellow/Green sneakers Men‚Äôs Size 12.5,400,Pre-Owned,0,False,
Nike Air Force 1 Low 07 Men's Basketball Shoes Black 315122-001 Sz 9.5 AF1      ,995,Pre-Owned,720,False,
Nike Air Force 1 '07 Low Top Leather Triple White Sneakers 315122-111 Mens Sz 9,800,Pre-Owned,0,True,
Nike Kyrie Flytrap 2 ‚ÄúHyper Pink‚Äù AO4436-005 Size 10.5 Mens Basketball Shoes,500,Pre-Owned,97,False,
Nike High Dunk Woven 555030-002 Mens 11 High Top Sneakers Black White Checker,999,Pre-Owned,0,False,
Nike Zoom 2000 Men‚Äôs Size 9.5 Red/White,500,Pre-Owned,795,False,
Nike Air More Uptempo 96- Mens- Size 10- White- [921948-100]- Basketball Shoes,0,Pre-Owned,0,False,
Nike Air Force 1 '07 Shoes Black White DC2911-002 Men's Multi Sizes NEW,2990,Brand New,0,False,0
Nike Air Force 1 '07 Shoes Triple Black CW2288-001 Men's Multi Size NEW,1990,Brand New,0,False,0
NIB MEN NIKE CW7121 002 REACT MILER 2 GREY/VOLT RUNNING SHOES SNEAKERS $130,995,Brand New,300,False,
Nike Kyrie 6 USA Red White Blue Kyrie Irving Basketball Shoes BQ4630-102 Size 10,0,Brand New,0,False,0
Nike Air Jordan 1 Mid Brush Stroke Paint DA8005-100 Men's & GS Sizes,11997,Brand New,0,False,0
Nike React Element 55 Running Shoes Black White BQ6166-003 Men's NEW ,0,Brand New,0,True,0
Nike Ebernon Low Shoes Triple Black AQ1775-003 Men's NEW,299,Brand New,0,True,
Nike Air Jordan 1 Retro Mid Game Royal Blue White Black 554724/554725-140 Men GS,5997,Brand New,0,False,0
Nike Dunk High Retro Game Royal Size 8 Preowned Og All DD1399-102 Kentucky,3500,Pre-Owned,435,False,
Size 10- Nike Quest 3 Black White Red Men‚Äôs Running Shoes,600,Pre-Owned,595,False,
"Nike Air Force 1 Low Triple White ‚Äò07 BRAND NEW, MEN AND WOMEN SIZES.",999,Brand New,699,True,11
Nike Air Force 1 Low Magnet  Mens Sz 8.5  Sneakers Shoes 488298-166,99,Pre-Owned,70,False,
Nike Renew Retaliation TR 2 Training Shoes Black White CK5074-001 Men's NEW,299,Brand New,0,True,
Nike Air Max 2017 Triple Black Shoes Flyknit 849559-004 Men‚Äôs Size 9,6000,Brand New,0,False,0
Mens Nike Shox TL  (Size 8),0,New (Other),0,False,
Nike DBreak-Type Shoes Summit White Black CJ1156-100 Men's Multi Size NEW,0,Brand New,0,False,0
Nike Air Force 1 '07 Shoes White Black CT2302-100 Men's Multi Size NEW,1990,Brand New,595,False,0
Nike Air Force 1 '07 Low  ALL SIZES Triple White Men's CW2288-111 New White,995,Brand New,0,False,0
Nike Air Jordan 1 Mid SE GS Paint Drip White Pink DD1666-100,4500,Brand New,0,False,0
Used Nike Air Force 1 Black White Leather size 9,0,Pre-Owned,50,False,
Nike Joyride Dual Run Black Punch Men's Running Sneakers,499,Brand New,0,True,0
Nike Kyrie Flytrap 4 Men's 11.5 Black White CT1972-001 Basketball Shoes Sneakers,500,Brand New,795,False,
Size 8.5 - Nike Air Force 1 Low Experimental Postal Service,200,Brand New,0,False,
Size 9.5 - Nike Air Max Plus,500,New (Other),115,False,
Pre Owned Nike CT2552-800 SB Strangelove Sneakers SZ 12 Dirty Wear No Reserve,99,Pre-Owned,30,False,
Nike Manoadome Mens Boots Triple Black Hiking Trail Work Shoes 844358-003 NEW ,0,Brand New,0,False,0
Nike Air Vapormax Flyknit 2020 Summit White Men's Size 11,999,Pre-Owned,795,False,
Nike Air Mavin Low 2 Men's Size 10 Basketball Shoes White/Black 830367-101,500,Pre-Owned,201,False,
Nike Epic React Flyknit 2 Oreo Running Shoes BQ8928-101 Black White Mens 10.5,0,New (Other),200,False,
Nike Air Max Plus Shoes Black University Red CU4864-001 Men's Multi Size NEW,6490,Brand New,0,False,0
Nike Air Jordan 5 Retro Moonlight Black White Oreo 2021 CT4838-011,3000,Brand New,0,False,0
Nike ID - Custom Air Max 1 - Mens Size 10.5 - NEW,5000,Brand New,135,False,
NIKE MENS ZOOM GRAVITY RUNNING SHOES #BQ3202100,999,Brand New,80,False,
Nike Air Jordan 1 Mid Hemp Tan Gum Beige White 554724-271 Men's Sizes NEW,14995,Brand New,0,False,0
Nike Air Force 1 Crater White Orange Green DH2521-100 Men's Shoes Multi Size NEW,2340,Brand New,0,False,0
,,,,False,
Nike Free Metcon AH8141-003 Mens Size 6.5 Black Sneakers Running Athletic Shoes,999,Pre-Owned,0,True,
Size 11 - Nike Sf Air Force 1 Mid Obsidian 2018! Excellent Condition!,0,Pre-Owned,70,False,
Vintage Nike Air Jordan 12 Flint 2003 Size 10,2000,Pre-Owned,0,False,
Nike DEFY ALL DAY Mens All Black DM7564-002 Extra Wide Width Sneakers Shoes,495,Brand New,0,False,0
Nike TANJUN Men's Midnight Navy White 812654-414 Athletic Mesh Running Sneakers,495,Brand New,0,False,0
"Nike Air Force 1 '07 LV8 3 Shoes ""Peace & Love"" White Black DM8148-100 Men's NEW",4990,Brand New,0,False,0
Nike Air Force 1 '07 Low Triple White Men's SIZE 8 New CW2288-111 Damaged Box,500,Brand New,0,False,
Nike Air Jordan 1 MID ‚ÄúPurple Aqua‚Äù (554724-500) SIZE 11 Men‚Äôs,4995,Brand New,0,False,0
New NIKE Challenger Retro Men's Athletic Sneakers Casual Shoes yellow all sizes,999,Brand New,199,False,0
NIKE AIR MAX ALPHA TRAINER 2 MODEL # AT1237 003 MENS US SZ 9.5 MSRP $ 85 ,998,Brand New,99,False,
Nike Zoom Hyperfuse Sneakers Mens Gray/Green Low Top Size US 12,750,Pre-Owned,15,False,
NIKE LEGEND REACT 2 RUNNING # AT1368 402 MENS US SZ 10 MSRP $100,998,Brand New,99,True,
"NIKE REACT INFINITY RUN FLYKNIT <CD4371 - 002>,Men's Running Shoes,New with Box",499,Brand New,575,False,0
Nike Free Run Trail Running Shoes Neutral Grey White CW5814-002 Men's NEW,1490,Brand New,0,False,0
Nike Air Max Torch 3 Running Shoes Black White 319116-011 Men's Size,0,Brand New,0,False,
Nike Air Force 1 Premium Low Eddie Cruz sz 8 100% Authentic,1999,Pre-Owned,0,False,
Nike Mens Air Max 97 312834-007 Gray Running Shoes Sneakers Size 12,799,Pre-Owned,0,True,
Nike Giannis Immortality EP Force Field Super Smoothie Men Basketball DH4528-500,2999,Brand New,0,False,0
Nike Air Jordan 4 Retro Tech White Oreo 2021 CT8527-100 Men‚Äôs/GS/PS Sizes,1997,Brand New,0,False,0
nike air trainer 1,500,Pre-Owned,115,False,
Nike CORTEZ BASIC LEATHER Mens White Varsity Red 819719-103 Low Sneakers Shoes,495,Brand New,0,False,0
Nike Blazer Low '77 VNTG Shoes White Black Sail DA6364-101 Men's Multi Size NEW,0,Brand New,0,False,0
Nike Air Force 1 '07 Shoes White Black CT2302-100 Men's Multi Size NEW,1990,Brand New,595,False,0
Nike Air Jordan 1 Retro High A Star Is Born Size 12 [555088-015],4000,Pre-Owned,,False,
NIKE REACT 270 ENG 10.5 90 95 97 AIR MAX PLUS TUNED,500,Pre-Owned,500,False,
Mens nike air force 1 size 10,0,Pre-Owned,625,False,
Nike Air Force 1 Low '07 LV8 'Peace and Unity' Men's Shoes DM9051-001 B-GRADE,2499,New (Other),0,True,0
"Nike Air Jordan 1 Low SE Shoes ""Denim"" Blue Hemp DH1259-400 Men's & GS NEW",12990,Brand New,0,False,0
"Nike X Sacai x Undercover  LD Waffle ""Bright Citron"" | Size 9 - 12 | DJ4877-001 ",999,Brand New,0,False,0
Nike Mens Zoom KD 11 Basketball Shoe Navy Size 12M US ,1996,Brand New,95,True,0
Nike Shoes Mens 16 Air Zoom BB NXT TB Promo Basketball Sneakers White CK5879 101,999,New (Other),0,False,
Nike Kobe 11 Draft Day Men‚Äôs Size 10.5,999,Pre-Owned,795,False,
"Nike Air Max 95 ""Kim Jones"" Shoes Black Orange Gray DD1871-001 Men's NEW",7490,Brand New,0,False,0
nike air jordan 1 retro court purple.  Highs And Lows.,2000,Pre-Owned,835,False,
Nike Air Jordan 1 Mid Purple Aqua 554724-500 / 554725-500 Men's/GS/PS Sizes,12499,Brand New,0,False,0
"Nike Reax 8 TR Men's Athletic Shoes Size 12.5, GRAY/RED/BLACK ",500,Pre-Owned,350,False,
Nike Air Max Zero Essential Triple White Men's Shoe (876070 100) Size 11,495,Pre-Owned,495,False,
Nike AIR VAPORMAX 2020 FK Flyknit Black Dark Grey Men‚Äôs Size 10  (CJ6740-002),5495,New (Other),0,False,0
Nike Mens Court Vision Low CD5463-002 Black Leather Running Shoes Lace Up Sz 11,677,New (Other),,True,
2021 Nike Air Jordan 3 Retro Pine Green CT8532-030,9999,Brand New,0,False,0
Men's Nike Air Zoom Pegasus 37 size 12,999,Brand New,30,False,
Men's Nike Air Zoom Pegasus 37 size 13,999,Brand New,30,False,
Nike Air Force 1 '07 Craft Mens Shoes Size 9 Summit White CN2873 101 ,999,Brand New,0,False,0
nike air max 1 size 12 Dark Grey Purple,500,Pre-Owned,595,False,
Nike Mens Tanjun Athletic Running Sneaker Shoes Size 11 Gray,999,Pre-Owned,99,False,
Nike Air Safari 87 size 12 306324-281,0,Pre-Owned,194,False,
Nike Mens Kyrie 5 T Red Basketball Shoes Lace Up Mid Top Size 8.5,0,Pre-Owned,795,False,
NIKE REACT PHANTOM RUN FLYKNIT 2 Men's Shoes Wht/Blk/Flash Crimson Pick Size NIB,1699,Brand New,0,True,0
Nike Air Jordan 1 Mid Gym Red Size 11 554724-122 Black Toe High OG Low,4000,Pre-Owned,0,False,
NIKE SB STEFAN JANOSKI MID RM BLACK/WHITE AT7324-001 MEN'S SZ 9.5,999,Brand New,500,False,
Nike Air Jordan 1 Mid SE Utility Shoes Black White Red DD9338-016 Multi Size NEW,7990,Brand New,0,False,0
New NIKE Manoa Mens Leather winter work hiking sneaker boots wheat 8-13,1995,Brand New,99,False,0
Nike Revolution 5 Running Shoes - Blue - Size 7Y¬†,899,Pre-Owned,0,False,
Nike Air Force 1 '07 LV8 Shoes Black Gold White DA8481-001 Men's Multi Size NEW,4490,Brand New,0,False,0
Nike Air Jordan Spizike Black Cement Sneakers Basketball Shoes Men's 7Y,500,Pre-Owned,115,False,
Men Nike Speedrep Training Running shoes sneakers Black & White CU3579-002,500,Brand New,0,False,
Nike Air Max 90 Shoes University Red CZ7918-600 Men's Multi Size NEW,2990,Brand New,0,False,0
Nike Air Jordan 1 Low Black Grey White 553558-040 (Men's),5000,Brand New,0,False,0
Nike Air Jordan 6 Retro SE Hare Mens sneaker size 9 Used CT8529 062,999,Pre-Owned,0,False,
Men's Nike KD 8 Easy Euro Low Shoes Size 10 Green/Gray 749375-033,99,Pre-Owned,199,False,
"Nike Vapor Untouchable 3 Elite Flyknit ""University Red"" Men's Size 11 AH7408-600",999,New (Other),0,False,
Nike Air Max 200 Triple Black Black AQ2568 003 Mens Athletic Running Shoes,495,Brand New,,True,0
Nike Air Jordan 10 Retro Cool Grey/Infrared Sz 12 no box used,988,Pre-Owned,15,False,
Nike Men's React Element 55 Cu3009-002 Platinum/Black/White/Grey SZ 7-13 New,0,Brand New,0,False,
